"subject_id","subject_gender","subject_age","subject_fitness","subject_handedness","subject_impairment","subject_wrist_circumference","subject_forearm_circumference"
1,"m",27,0,"l",False,"19.8","27.5"
2,"m",24,3,"r",False,"19","28.2"
3,"m",23,5,"r",False,"18","27"
4,"m",24,1,"l",False,"17","28.7"
6,"m",22,0,"r",False,"19","28"
7,"m",23,5,"r",False,"17.3","27"
8,"m",26,0,"r",False,"18","28"
9,"m",24,2,"r",False,"16.3","26"
10,"f",23,0,"r",False,"17.6","24.5"
11,"m",21,2,"r",True,"18.5","27"
12,"m",23,5,"r",False,"17.2","28.2"
13,"m",25,3,"r",False,"18","28"
14,"m",25,3,"r",False,"17.4","28"
15,"f",21,3,"r",False,"15","23"
16,"m",24,0,"r",False,"18.2","27.4"
17,"m",24,3,"r",False,"18.6","24.2"
18,"m",23,2,"r",False,"17.1","26.5"
19,"m",25,2,"r",False,"18.6","27.8"
23,"m",25,3,"r",False,"18.6","28.6"
24,"f",25,5,"r",False,"18","24.3"
